"host","host_common","aphid"
"Abies concolor","White Fir","Cinara curvipes"
"Abies concolor","White Fir","Cinara occidentalis"
"Abies lasiocarpa","Alpine Fir","Cinara curvipes"
"Abies lasiocarpa","Alpine Fir","Cinara lasiocarpae"
"Abies lasiocarpa","Alpine Fir","Cinara occidentalis"
"Abies lasiocarpa","Alpine Fir","Mindarus abietinus"
"Acer saccharum","Sugar Maple","Periphyllus americanus"
"Acer saccharum","Sugar Maple","Periphyllus lyropictus"
"Acer campestre","Hedge Maple","Drepanosiphum platanoides"
"Acer glabrum","Rocky Mountain Maple","Periphyllus americanus"
"Acer glabrum","Rocky Mountain Maple","Periphyllus brevispinosus"
"Acer grandidentatum","Bigtooth Maple","Drepanaphis granovskyi"
"Acer grandidentatum","Bigtooth Maple","Drepanaphis spicata"
"Acer grandidentatum","Bigtooth Maple","Drepanaphis utahensis"
"Acer grandidentatum","Bigtooth Maple","Periphyllus americanus"
"Acer negundo","Boxelder","Drepanosiphum braggii"
"Acer negundo","Boxelder","Periphyllus negundinis"
"Acer platanoides","Norway Maple","Drepanosiphum platanoides"
"Acer platanoides","Norway Maple","Periphyllus lyropictus"
"Acer pseudoplatanus","Planetree Maple","Drepanosiphum platanoides"
"Acer pseudoplatanus","Planetree Maple","Periphyllus americanus"
"Acer saccharinum","Silver Maple","Drepanaphis acerifolii"
"Acer saccharinum","Silver Maple","Periphyllus americanus"
"Acer","Maple","Periphyllus testudo"
"Achillea millefolium","Common Yarrow","Aphis helichrysi"
"Achillea millefolium","Common Yarrow","Aphis knowltoni"
"Achillea ptarmica","Sneezewort Yarrow","Microsiphum ptarmicae"
"Achillea","Yarrow","Pemphigus balsamiferae"
"Aconitum columbianum","Colombia Monkshood","Kakimia wahinkae"
"Agrimonia eupatoria","Common Agrimony","Macrosiphum agrimoniellum"
"Agrimonia striata","Roadside Acrimony","Macrosiphum solanifolii"
"Agrimonia striata","Roadside Acrimony","Macrosiphum pseudorosae"
"Agropyron","Wheat Grata","Brachycolus tritici"
"Agropyron","Wheat Grata","Forda olivacea"
"Agropyron","Wheat Grata","Sipha agropyronensis"
"Agropyron","Wheat Grata","Colopha ulmisacculi"
"Agropyron","Wheat Grata","Toxoptera graminum"
"Alnus rhombifolia","Sierra Alder","Oestlundiella flava"
"Alnus","Alder","Euceraphis gillettei"
"Alnus","Alder","Oestlundiella flava"
"Alnus incana subsp. tenuifolia","Thinleaf Alder","Euceraphis gillettei"
"Alnus incana subsp. tenuifolia","Thinleaf Alder","Oestlundiella flava"
"Alopecurus","Foxtail","Forda olivacea"
"Alcea rosea","Hollyhock","Macrosiphum eoessigi"
"Alcea rosea","Hollyhock","Myzus persicae"
"Amaranthus","Redroot Amaranth","Aphis fabae"
"Amaranthus","Redroot Amaranth","Aphis helianthi"
"Amaranthus","Amaranth","Aphis gossypii"
"Amaranthus","Amaranth","Aphis medicaginis"
"Amaranthus","Amaranth","Macrosiphum solanifolii"
"Amaranthus","Amaranth","Myzus persicae"
"Ambrosia artemisiifolia","Common Ragweed","Aphis helianthi"
"Ambrosia artemisiifolia","Common Ragweed","Aphis helichrysi"
"Ambrosia artemisiifolia","Common Ragweed","Capitophorus wasatchii"
"Ambrosia trifida","Giant Ragweed","Aphis armoraciae"
"Ambrosia trifida","Giant Ragweed","Aphis helianthi"
"Ambrosia trifida","Giant Ragweed","Macrosiphum ambrosiae"
"Amelanchier alnifolia","Common Shad, Juneberry, Saskatoon, Serviceberry","Eriosoma americanum"
"Amelanchier alnifolia","Common Shad, Juneberry, Saskatoon, Serviceberry","Macrosiphum macrosiphum"
"Amelanchier alnifolia","Common Shad, Juneberry, Saskatoon, Serviceberry","Prociphilus corrugatans"
"Amelanchier","Service berry","Aphis sensoriata"
"Anaphalis margaritacea","Common Pearl everlasting","Macrosiphum idahoensis"
"Anethum graveolens","Dill","Cavariella aegopodii"
"Anethum graveolens","Dill","Rhopalosiphum conii"
"Antirrhinum","Snapdragon","Myzus persicae"
"Apium graveolens","Garden Celery","Amphorophora sonchi"
"Apium graveolens","Garden Celery","Aphis crypta"
"Apium graveolens","Garden Celery","Aphis gossypii"
"Apium graveolens","Garden Celery","Aphis helichrysi"
"Apium graveolens","Garden Celery","Aphis heraclella"
"Apium graveolens","Garden Celery","Cavariella aegopodii"
"Apium graveolens","Garden Celery","Cavariella theobaldi"
"Apium graveolens","Garden Celery","Macrosiphum dirhodum"
"Apium graveolens","Garden Celery","Myzus circumflexus"
"Apium graveolens","Garden Celery","Myzus persicae"
"Apium graveolens","Garden Celery","Rhopalosiphum conii"
"Gymnema","Dogbane","Macrosiphum solanifolii"
"Aquilegia coerulea","Colorado Columbine","Kakimia essigi"
"Aquilegia coerulea","Colorado Columbine","Macrosiphum solanifolii"
"Aquilegia micrantha","Pink Columbine","Kakimia essigi"
"Aquilegia micrantha","Pink Columbine","Kakimia utahensis"
"Aquilegia","Columbine","Myzus circumflexus"
"Arctium","Burdock","Aphis fabae"
"Arctostaphylos uva-ursi","Bear berry","Amphorophora nervata"
"Arctostaphylos uva-ursi","Bear berry","Tamalia coweni"
"Armoracia rusticana","Horseradish","Aphis armoraciae"
"Armoracia rusticana","Horseradish","Macrosiphum solanifolii"
"Armoracia rusticana","Horseradish","Myzus persicae"
"Arnica","Arnica","Amphorophora arnicae"
"Artemisia dracunculus var. dracunculus","Linearleaved wormwood","Aphis maidiradicis"
"Artemisia dracunculus var. dracunculus","Linearleaved wormwood","Aphis menthae-radicis"
"Artemisia dracunculus var. dracunculus","Linearleaved wormwood","Artemisaphis artemisicola"
"Artemisia dracunculus var. dracunculus","Linearleaved wormwood","Capitophorus wasatchii"
"Artemisia dracunculus var. dracunculus","Linearleaved wormwood","Macrosiphum artemisivulgaris"
"Artemisia dracunculus var. dracunculus","Linearleaved wormwood","Macrosiphum glabrum"
"Artemisia dracunculus var. dracunculus","Linearleaved wormwood","Macrosiphum artemisiae"
"Artemisia borealis","Northern wormwood","Macrosiphum frigidae"
"Artemisia cana","Silver Sagebrush","Aphis canae"
"Artemisia cana","Silver Sagebrush","Artemisaphis artemisicola"
"Artemisia cana","Silver Sagebrush","Macrosiphum jonesii"
"Artemisia filifolia","Sand Sagebrush","Aphis canae"
"Artemisia filifolia","Sand Sagebrush","Aphis filifoliae"
"Artemisia filifolia","Sand Sagebrush","Aphis hermistonii"
"Artemisia filifolia","Sand Sagebrush","Aphis minutissima"
"Artemisia filifolia","Sand Sagebrush","Capitophorus filifoliae"
"Artemisia filifolia","Sand Sagebrush","Epameibaphis utahensis"
"Artemisia filifolia","Sand Sagebrush","Macrosiphum filifoliae"
"Artemisia filifolia","Sand Sagebrush","Macrosiphum jonesii"
"Artemisia frigida","Fringed Sagebrush","Aphis armoraciae"
"Artemisia frigida","Fringed Sagebrush","Aphis maidiradicis"
"Artemisia frigida","Fringed Sagebrush","Capitophorus pseudoglandulosus"
"Artemisia frigida","Fringed Sagebrush","Epameibaphis frigidae"
"Artemisia frigida","Fringed Sagebrush","Macrosiphum frigidae"
"Artemisia frigida","Fringed Sagebrush","Macrosiphum frigidicola"
"Artemisia frigida","Fringed Sagebrush","Pseudoepameibaphis glauca"
"Artemisia longifolia","Longleaf Sagebrush","Aphis canae"
"Artemisia longifolia","Longleaf Sagebrush","Artemisaphis artemisicola"
"Artemisia longifolia","Longleaf Sagebrush","Capitophorus brevinectarius"
"Artemisia longifolia","Longleaf Sagebrush","Capitophorus longinectarius"
"Artemisia longifolia","Longleaf Sagebrush","Capitophorus pullus"
"Artemisia longifolia","Longleaf Sagebrush","Epameibaphis atricornis"
"Artemisia longifolia","Longleaf Sagebrush","Microsiphum acophorum"
"Artemisia ludoviciana","Louisiana Sagebrush","Capitophorus"
"Artemisia ludoviciana","Louisiana Sagebrush","Macrosiphum ludovicianae"
"Artemisia ludoviciana","Louisiana Sagebrush","Microsiphum artemisiae"
"Artemisia ludoviciana","Louisiana Sagebrush","Rhopalosiphum rufomaculatum"
"Artemisia","Wormwood or Sagebrush","Capitophorus pycnorhysus"
"Artemisia","Wormwood or Sagebrush","Geoica utricularia"
"Artemisia","Wormwood or Sagebrush","Macrosiphum flavilum"
"Artemisia","Wormwood or Sagebrush","Prociphilus erigeronensis"
"Artemisia tridentata","Big Sagebrush","Aphis canae"
"Artemisia tridentata","Big Sagebrush","Aphis filifoliae"
"Artemisia tridentata","Big Sagebrush","Aphis hermistonii"
"Artemisia tridentata","Big Sagebrush","Aphis infrequens"
"Artemisia tridentata","Big Sagebrush","Aphis oregonensis"
"Artemisia tridentata","Big Sagebrush","Artemisaphis artemisicola"
"Artemisia tridentata","Big Sagebrush","Capitophorus bitrichus"
"Artemisia tridentata","Big Sagebrush","Capitophorus decampus"
"Artemisia tridentata","Big Sagebrush","Capitophorus heterohirsutus"
"Artemisia tridentata","Big Sagebrush","Capitophorus infrequens"
"Artemisia tridentata","Big Sagebrush","Capitophorus longipes"
"Artemisia tridentata","Big Sagebrush","Capitophorus"
"Artemisia tridentata","Big Sagebrush","Capitophorus quadritrichus"
"Artemisia tridentata","Big Sagebrush","Capitophorus rusticatus"
"Artemisia tridentata","Big Sagebrush","Capitophorus spatulavillus"
"Artemisia tridentata","Big Sagebrush","Capitophorus zoomontanus"
"Artemisia tridentata","Big Sagebrush","Epameibaphis atricornis"
"Artemisia tridentata","Big Sagebrush","Epameibaphis frigidae"
"Artemisia tridentata","Big Sagebrush","Epameibaphis utahensis"
"Artemisia tridentata","Big Sagebrush","Flabellomicrosiphum knowltoni"
"Artemisia tridentata","Big Sagebrush","Flabellomicrosiphum tridentatae"
"Artemisia tridentata","Big Sagebrush","Macrosiphum albicornum"
"Artemisia tridentata","Big Sagebrush","Macrosiphum anomellum"
"Artemisia tridentata","Big Sagebrush","Macrosiphum artemisiphilum"
"Artemisia tridentata","Big Sagebrush","Macrosiphum coweni"
"Artemisia tridentata","Big Sagebrush","Macrosiphum flavilum"
"Artemisia tridentata","Big Sagebrush","Macrosiphum jonesii"
"Artemisia tridentata","Big Sagebrush","Macrosiphum zerohypsi"
"Artemisia tridentata","Big Sagebrush","Macrosiphum zerothermum"
"Artemisia tridentata","Big Sagebrush","Microsiphum acophorum"
"Artemisia tridentata","Big Sagebrush","Microsiphum artemisiae"
"Artemisia tridentata","Big Sagebrush","Microsiphum oregonensis"
"Artemisia tridentata","Big Sagebrush","Pseudoepameibaphis essigi"
"Artemisia tridentata","Big Sagebrush","Pseudoepameibaphis tridentatae"
"Artemisia tridentata","Big Sagebrush","Pseudoepameibaphis xenotrichis"
"Artemisia tridentata","Big Sagebrush","Pseudoepameibaphis zavilla"
"Artemisia tridentata","Big Sagebrush","Zyxaphis utahensis"
"Artemisia tripartita","Threetip Sagebrush","Macrosiphum jonesii"
"Artemisia vulgaris","Common Mug-wort","Capitophorus decampus"
"Artemisia vulgaris","Common Mug-wort","Epameibaphis utahensis"
"Artemisia vulgaris","Common Mug-wort","Macrosiphum artemisivulgaris"
"Artemisia vulgaris","Common Mug-wort","Macrosiphum filifoliae"
"Artemisia vulgaris","Common Mug-wort","Macrosiphum jonesii"
"Artemisia vulgaris","Common Mug-wort","Macrosiphum ludovicianae"
"Artemisia vulgaris","Common Mug-wort","Microsiphum artemisiae"
"Artemisia vulgaris","Common Mug-wort","Rhopalosiphum rufomaculatum"
"Asclepias","Milkweed","Aphis gossypii"
"Asclepias","Milkweed","Aphis helianthi"
"Asclepias","Milkweed","Aphis lutescens"
"Asclepias","Milkweed","Macrosiphum solanifolii"
"Asclepias","Milkweed",NA
"Asclepias","Milkweed","Aphis armoraciae"
"Asclepias subverticillata","Bedstraw Milkweed","Aphis"
"Asparagus officinalis","Asparagus and Asparagus Fern","Myzus circumflexus"
"Asparagus officinalis","Asparagus and Asparagus Fern","Myzus persicae"
"Symphyotrichum ericoides","Heath Aster","Aphis armoraciae"
"Symphyotrichum ericoides","Heath Aster","Aphis asterensis"
"Symphyotrichum ericoides","Heath Aster","Pemphigus balsamiferae"
"Symphyotrichum laeve","Smooth Aster","Macrosiphum breviscriptum"
"Symphyotrichum laeve","Smooth Aster","Macrosiphum katonkae"
"Symphyotrichum laeve","Smooth Aster","Macrosiphum tenuitarsis"
"Dieteria canescens var. leucanthemifolia","Daisyleaf Aster","Atarsos grindeliae"
"Dieteria canescens var. leucanthemifolia","Daisyleaf Aster","Macrosiphum"
"Symphyotrichum novi-belgii","New York Aster","Macrosiphum breviscriptum"
"Aster","Aster","Aphis armoraciae"
"Aster","Aster","Aphis asterensis"
"Aster","Aster","Aphis helichrysi"
"Aster","Aster","Aphis maidiradicis"
"Aster","Aster","Aphis menthae-radicis"
"Aster","Aster","Atarsos grindeliae"
"Aster","Aster","Macrosiphum atripes"
"Aster","Aster","Macrosiphum breviscriptum"
"Aster","Aster","Macrosiphum erigeronensis"
"Aster","Aster","Macrosiphum katonkae"
"Aster","Aster","Macrosiphum tenuitarsis"
"Aster","Aster","Myzus circumflexus"
"Astragalus","Milkvetch, Loco or Poisonvetch","Aphis medicaginis"
"Astragalus","Milkvetch, Loco or Poisonvetch","Macrosiphum pisi"
"Atriplex","Saltbush","Aphis tetrapteralis"
"Avena sativa","Oat","Forda olivacea"
"Avena sativa","Oat","Myzus persicae"
"Avena sativa","Oat","Rhopalosiphum fitchii"
"Avena sativa","Oat","Rhopalosiphum maidis"
"Avena sativa","Oat","Rhopalosiphum rhois"
"Avena sativa","Oat","Toxoptera graminum"
"Avena","Oat","Aphis maidis"
"Avena","Oat","Forda olivacea"
"Avena","Oat","Macrosiphum dirhodum"
"Avena","Oat","Macrosiphum granarium"
"Avena","Oat","Rhopalosiphum rhois"
"Begonia","Begonia","Aphis gossypii"
"Berberis vulgaris","European barberry","Rhopalosiphum berberidis"
"Berula erecta","Stalky Bern la","Cavariella aegopodii"
"Berula erecta","Stalky Bern la","Rhopalosiphum conii"
"Berula erecta","Stalky Bern la","Rhopalosiphum nymphaeae"
"Beta vulgaris","Beet","Aphis fabae"
"Beta vulgaris","Beet","Myzus persicae"
"Beta vulgaris","Beet","Pemphigus balsamiferae"
"Betula pubescens","Gray Birch","Calaphis coloradensis"
"Betula pubescens","Gray Birch","Calaphis granovskyi"
"Betula pubescens","Gray Birch","Euceraphis betulae"
"Betula occidentalis","Water Birch","Calaphis coloradensis"
"Betula occidentalis","Water Birch","Calaphis granovskyi"
"Betula occidentalis","Water Birch","Neosymydobius intermedius"
"Betula papyrifera","Paper Birch","Neosymydobius annulatus"
"Betula","Birch","Calaphis betulella"
"Betula","Birch","Calaphis viridipallida"
"Betula","Birch","Cepegillettea betulaefoliae"
"Betula","Birch","Euceraphis"
"Betula","Birch",NA
"Betula","Birch","Hamamelistes spinosus"
"Betula","Birch","Neosymydobius annulatus"
"Bidens","Beggar ticks","Macrosiphum chrysanthemi"
"Bidens","Beggar ticks","Pemphigus balsamiferae"
"Bidens","Beggar ticks","Rhopalosiphum nymphaeae"
"Brassica napus","Rape","Myzus persicae"
"Brassica napus","Rape","Rhopalosiphum pseudobrassicae"
"Brassica oleracea","Cabbage","Brevicoryne brassicae"
"Brassica oleracea","Cabbage","Myzus persicae"
"Brassica oleracea var. botrytis","Cauliflower","Brevicoryne brassicae"
"Brassica oleracea var. botrytis","Cauliflower","Myzus persicae"
"Brassica rapa","Turnip","Rhopalosiphum pseudobrassicae"
"Brickellia grandiflora","Tasselflower Brickellia","Macrosiphum katonkae"
"Bromus inermis","Awnless Brome-grass","Forda olivacea"
"Bromus tectorum","Smooth Brome","Forda olivacea"
"Capsella bursa-pastoris","Shepherdspurse","Aphis armoraciae"
"Capsella bursa-pastoris","Shepherdspurse","Aphis bakeri"
"Capsella bursa-pastoris","Shepherdspurse","Aphis fabae"
"Capsella bursa-pastoris","Shepherdspurse","Aphis gossypii"
"Capsella bursa-pastoris","Shepherdspurse","Aphis helichrysi"
"Capsella bursa-pastoris","Shepherdspurse","Aphis medicaginis"
"Capsella bursa-pastoris","Shepherdspurse","Myzus persicae"
"Capsella bursa-pastoris","Shepherdspurse","Rhopalosiphum pseudobrassicae"
"Carex jamesii var. nebraskensis","Nebraska sedge","Thripsaphis ballii"
"Carex jamesii var. nebraskensis","Nebraska sedge","Thripsaphis producta"
"Carex jamesii var. nebraskensis","Nebraska sedge","Thripsaphis verrucosa"
"Carex jamesii var. nebraskensis","Nebraska sedge","Toxoptera viridi-rubra"
"Carex","Sedge","Iziphya flabella"
"Carex","Sedge","Myzus timpanogos"
"Petroselinum crispum","Parsley","Cavariella aegopodii"
"Carya","Hickory","Monellia caryae"
"Castilleja rhexiifolia","Splitleaf Paintedcup","Aphis kachena"
"Castilleja","Pafntedcup","Aphis bakeri"
"Castilleja","Pafntedcup","Aphis chipetae"
"Castilleja","Pafntedcup","Kakimia alpina"
"Castilleja","Pafntedcup","Macrosiphum solanifolii"
"Catabrosa aquatica","Brookgrass","Aspidaphis aquatica"
"Catalpa","Catalpa","Aphis gossypii"
"Ceanothus velutinus","Snowbrush Ceanothus","Aphis ceanothi"
"Ceratophyllum","Hornwort","Rhopalosiphum nymphaeae"
"Cercocarpus montanus","True Mountain mahogany","Aphis cercocarpi"
"Chenopodium album","Lambsquarters Goose foot","Aphis medicaginis"
"Chenopodium album","Lambsquarters Goose foot","Hyalopterus atriplicis"
"Chenopodium album","Lambsquarters Goose foot","Macrosiphum solanifolii"
"Chenopodium album","Lambsquarters Goose foot","Myzus persicae"
"Chenopodium album","Lambsquarters Goose foot","Pemphigus balsamiferae"
"Chenopodium album","Lambsquarters Goose foot","Pemphigus bursarius"
"Chrysothamnus greenei","Greenes Rabbitbrush","Capitophorus xerozoous"
"Ericameria nauseosa var. graveolens","Greenplume Rabbitbrush","Aphis chrysothamnicola"
"Ericameria nauseosa var. graveolens","Greenplume Rabbitbrush","Aphis"
"Ericameria nauseosa var. graveolens","Greenplume Rabbitbrush","Capitophorus oestlundi"
"Ericameria nauseosa var. graveolens","Greenplume Rabbitbrush","Capitophorus packi"
"Ericameria nauseosa var. graveolens","Greenplume Rabbitbrush","Capitophorus"
"Ericameria nauseosa var. graveolens","Greenplume Rabbitbrush","Macrosiphum erigeronensis"
"Chrysothamnus nauseosus subsp. nauseosus","Rubber Rabbitbrush","Aphis chrysothamnicola"
"Chrysothamnus nauseosus subsp. nauseosus","Rubber Rabbitbrush","Aphis crypta"
"Chrysothamnus nauseosus subsp. nauseosus","Rubber Rabbitbrush","Aphis chrysothamni"
"Chrysothamnus nauseosus subsp. nauseosus","Rubber Rabbitbrush","Aphis filifoliae"
"Chrysothamnus nauseosus subsp. nauseosus","Rubber Rabbitbrush","Aphis gregalis"
"Chrysothamnus nauseosus subsp. nauseosus","Rubber Rabbitbrush","Aphis hermistonii"
"Chrysothamnus nauseosus subsp. nauseosus","Rubber Rabbitbrush","Aphis nigragregalis"
"Chrysothamnus nauseosus subsp. nauseosus","Rubber Rabbitbrush","Aspidaphis adjuvans rowei"
"Chrysothamnus nauseosus subsp. nauseosus","Rubber Rabbitbrush","Capitophorus elongatus"
"Chrysothamnus nauseosus subsp. nauseosus","Rubber Rabbitbrush","Capitophorus feragaeus"
"Chrysothamnus nauseosus subsp. nauseosus","Rubber Rabbitbrush","Capitophorus gregarius"
"Chrysothamnus nauseosus subsp. nauseosus","Rubber Rabbitbrush","Capitophorus oestlundi"
"Chrysothamnus nauseosus subsp. nauseosus","Rubber Rabbitbrush","Capitophorus sporadicus"
"Chrysothamnus nauseosus subsp. nauseosus","Rubber Rabbitbrush","Capitophorus xerozoous"
"Chrysothamnus nauseosus subsp. nauseosus","Rubber Rabbitbrush","Durocapillata utahensis"
"Chrysothamnus nauseosus subsp. nauseosus","Rubber Rabbitbrush","Macrosiphum aaroni"
"Chrysothamnus nauseosus subsp. nauseosus","Rubber Rabbitbrush","Macrosiphum ambrosiae"
"Chrysothamnus","Rabbit brush","Aphis gregalis"
"Chrysothamnus","Rabbit brush","Aphis zonassa"
"Cichorium","Chicory","Aphis armoraciae"
"Cicuta douglasii","Waterhemlock","Aphis gossypii"
"Cicuta douglasii","Waterhemlock","Aphis heraclella"
"Cicuta douglasii","Waterhemlock","Cavariella aegopodii"
"Cicuta douglasii","Waterhemlock","Rhopalosiphum conii"
"Cicuta douglasii","Waterhemlock","Rhopalosiphum nymphaeae"
"Senecio","Cineraria","Aphis helichrysi"
"Senecio","Cineraria","Macrosiphum solanifolii"
"Senecio","Cineraria","Myzus persicae"
"Senecio","Cineraria","Myzus solani"
"Cirsium arvense","Canada Thistle","Capitophorus braggii"
"Cirsium","Thistle","Aphis cardui"
"Cirsium","Thistle","Aphis helianthi"
"Cirsium","Thistle","Aphis helichrysi"
"Cirsium","Thistle","Aphis pilosicauda"
"Cirsium","Thistle","Bipersona ochrocentri"
"Cirsium","Thistle","Bipersona torticauda"
"Cirsium","Thistle","Capitophorus braggii"
"Cirsium","Thistle","Capitophorus carduinus"
"Cirsium","Thistle","Myzus persicae"
"Citrullus lanatus","Watermelon","Myzus persicae"
"Clematis","Western Virginsbower","Amphorophora brevitarsis"
"Peritoma serrulata","Bee Spiderflower","Aphis medicaginis"
"Convolvulus","Bindweed or Gloryblnd","Myzus persicae"
"Cornus stolonifera","Redosier Dogwood","Anoecia querci"
"Cornus stolonifera","Redosier Dogwood","Aphis momifoliae"
"Cornus stolonifera","Redosier Dogwood","Aphis helianthi"
"Cornus stolonifera","Redosier Dogwood","Aphis maculatae"
"Cornus stolonifera","Redosier Dogwood","Aphis neogillettei"
"Cornus stolonifera","Redosier Dogwood","Macrosiphum solanifolii"
"Corydalis","Corydalis","Kakimia tutigula"
"Corylus","Hazelnut or Filbert","Myzocallis coryli"
"Cosmos bipinnatus","Cosmos","Aphis spiraecola"
"Crataegus","Hawthorn","Amphorophora crataegi"
"Crataegus","Hawthorn","Aphis bakeri"
"Crataegus","Hawthorn","Aphis crataegifoliae"
"Crataegus","Hawthorn","Aphis pomi"
"Crataegus","Hawthorn","Eriosoma crataegi"
"Crataegus","Hawthorn","Prociphilus corrugatans"
"Crataegus","Hawthorn","Rhopalosiphum fitchii"
"Cucumis melo","Muskmelon","Myzus persicae"
"Cucumis sativus","Cucumber","Aphis gossypii"
"Cucumis sativus","Cucumber","Myzus persicae"
"Cucurbita maxima","Winter Squash","Aphis fabae"
"Cucurbita maxima","Winter Squash","Aphis gossypii"
"Cucurbita maxima","Winter Squash","Myzus persicae"
"Cucurbita","Gourd, Pumpkin, Squash","Aphis gossypii"
"Cucurbita","Gourd, Pumpkin, Squash","Macrosiphum solanifolii"
"Cupressus guadalupensis","Guadelupe Cypress","Siphonatrophia cupressi"
"Cuscuta","Dodder","Aphis armoraciae"
"Cuscuta","Dodder","Aphis medicaginis"
"Cyclamen","Cyclamen","Myzus circumflexus"
"Cydonia","Quince","Aphis rosea"
"Cydonia","Quince","Rhopalosiphum fitchii"
"Cynara cardunculus","Cardoon","Capitophorus braggii"
"Cynara scolymus","Artichoke","Capitophorus braggii"
"Cynodon dactylon"," Dog too thg rasa ","Iziphya maculata"
"Cyperus virens","Green Flatsedge","Aphis eriophori"
"Cystopteris montana","Bladderfern","Amphorophora ampullata"
"Dahlia","Dahlia","Aphis fabae"
"Dahlia","Dahlia","Aphis helichrysi"
"Daucus carota","Carrot","Aphis heraclella"
"Daucus carota","Carrot","Aphis medicaginis"
"Daucus carota","Carrot","Aphis tulipae"
"Daucus carota","Carrot","Cavariella aegopodii"
"Descurainia","Tansy mustard","Aphis armoraciae"
"Descurainia","Tansy mustard","Aphis gossypii"
"Descurainia","Tansy mustard","Aphis maidiradicis"
"Descurainia","Tansy mustard","Aphis medicaginis"
"Delphinium × occidentale","Duncecap Larkspur","Aphis rociadae"
"Delphinium × occidentale","Duncecap Larkspur","Kakimia wahinkae"
"Dianthus caryophyllus","Clove Pink","Myzus persicae"
"Digitalis purpurea","Common Foxglove","Myzus persicae"
"Dyssodia","Dog weed",NA
"Echinochloa crus-galli","Barnyardgrass","Aphis"
"Echinochloa crus-galli","Barnyardgrass","Forda olivacea"
"Echinochloa crus-galli","Barnyardgrass","Geoica utricularia"
"Echinochloa crus-galli","Barnyardgrass","Rhopalosiphum maidis"
"Echinochloa crus-galli","Barnyardgrass","Rhopalosiphum rhois"
"Echinocystis lobata","Wild Mockcucumber","Aphis gossypii"
"Echinocystis lobata","Wild Mockcucumber","Macrosiphum solanifolii"
"Eichhornia","Waterhyacinth","Myzus circumflexus"
"Eichhornia","Waterhyacinth","Rhopalosiphum nymphaeae"
"Elaeagnus angustifolia","Russlanolive","Capitophorus braggii"
"Elaeagnus angustifolia","Russlanolive","Capitophorus shepherdiae"
"Elymus canadensis","Canada Wildrye","Rhopalosiphum rhois"
"Elymus","Wildrye","Forda formicaria"
"Elymus","Wildrye","Forda olivacea"
"Elymus","Wildrye","Macrosiphum dirhodum"
"Elymus","Wildrye","Macrosiphum granarium"
"Elymus","Wildrye","Rhopalosiphum rhois"
"Epilobium ciliatum subsp. ciliatum","Sticky Willowweed","Myzus lythri"
"Epilobium angustifolium","Fire weed","Aphis oenotherae"
"Epilobium angustifolium","Fire weed","Aphis oenotherae rufa"
"Epilobium angustifolium","Fire weed","Macrosiphum solanifolii"
"Epilobium angustifolium","Fire weed","Macrosiphum tenuitarsis"
"Epilobium angustifolium","Fire weed","Macrosiphum valerianae"
"Conyza canadensis","Horseweed Fleabane","Aphis armoraciae"
"Conyza canadensis","Horseweed Fleabane","Aphis helichrysi"
"Erigeron","Erlgeron or Fleabane","Aphis armoraciae"
"Erigeron","Erlgeron or Fleabane","Aphis helichrysi"
"Erigeron","Erlgeron or Fleabane","Aphis lugentis"
"Erigeron","Erlgeron or Fleabane","Aphis urovaneta"
"Erigeron","Erlgeron or Fleabane","Macrosiphum erigeronensis"
"Erigeron subtrinervis","Threenerve Fleabane","Macrosiphum erigeronensis"
"Eriogonum alatum","Winged Eriogonum","Aphis eriogoni"
"Eriogonum alatum","Winged Eriogonum","Aphis medicaginis"
"Eriogonum alatum","Winged Eriogonum","Macrosiphum pseudorosae"
"Eriogonum corymbosum","Corymbed Eriogonum","Aphis agathona"
"Eriogonum corymbosum","Corymbed Eriogonum","Braggia uncompahgrensis"
"Eriogonum effusum","Effuse Eriogonum","Aphis eriogoni"
"Eriogonum flavum","Yellow Eriogonum","Aphis eriogoni"
"Eriogonum inflatum","Deserttrumpet Eriogonum","Aphis agathona"
"Eriogonum inflatum","Deserttrumpet Eriogonum","Aphis eriogoni"
"Eriogonum","Eriogonum","Amphicercidus maxsoni"
"Eriogonum","Eriogonum","Aphis eriogoni"
"Eriogonum","Eriogonum","Aphis urovaneta"
"Eriogonum","Eriogonum","Braggia echinata"
"Eriogonum","Eriogonum","Macrosiphum martini"
"Eriogonum","Eriogonum","Macrosiphum solanifolii"
"Eriogonum umbellatum var. majus","Subalpine Eriogonum","Aphis eriogoni"
"Eriogonum umbellatum","Sulfur Eriogonum","Aphis eriogoni"
"Erodium cicutarium","Alfileria, Filaree","Macrosiphum zerozalphum"
"Euonymus","Strawberry Bush","Aphis fabae"
"Eupatorium","Joepyeweed","Aphis fabae"
"Eupatorium","Joepyeweed","Aphis gossypii"
"Eupatorium","Joepyeweed","Aphis helichrysi"
"Euphorbia marginata","Snow-on-the-Mountain or White-margined Spurge","Macrosiphum solanifolii"
"Eurotia lanata","Winterfat","Macrosiphum frigidicola"
"Eurotia lanata","Winterfat","Macrosiphum ludovicianae"
"Foeniculum","Fennel","Cavariella capreae"
"Fragaria","Strawberry","Aphis forbesi"
"Fragaria","Strawberry","Capitophorus fragaefolii"
"Fragaria","Strawberry","Capitophorus"
"Fragaria","Strawberry","Myzus persicae"
"Ambrosia grayi","Woollyleaf Burgage","Capitophorus wasatchii"
"Swertia radiata","Showy Gentian","Aphis fraserae"
"Swertia radiata","Showy Gentian","Macrosiphum martini"
"Fraxinus americana","White Ash","Prociphilus fraxinifoliae"
"Fraxinus pennsylvanica","Red Ash","Prociphilus venafuscus"
"Hosta plantaginea","Plantainlily","Aphis sambuci"
"Galium","Bedstraw","Aphis gossypii"
"Ganja","Ganra","Aphis gossypii"
"Ganja","Ganra","Aphis medicaginis"
"Ganja","Ganra","Macrosiphum gaurae"
"Oenothera suffrutescens","Scarlet Gaura","Aphis gossypii"
"Oenothera suffrutescens","Scarlet Gaura","Aphis medicaginis"
"Geranium","Geranium","Capitophorus cefsmithi"
"Geranium","Geranium","Macrosiphum aetheocornum"
"Gilia aggregata","Skyrocket Gilla","Kakimia takala"
"Collomia linearis","Slenderleaf Gilia","Kakimia collomiae"
"Gladiolus","Gladiolus","Aphis tulipae"
"Gladiolus","Gladiolus","Macrosiphum solanifolii"
"Gladiolus","Gladiolus","Myzus solani"
"Glyceria fluitans","Water Mannagrass","Sipha glyceriae"
"Glycyrrhiza lepidota","American Licorice","Aphis medicaginis"
"Gomphrena"," Globe amaranth","Aphis jabae"
"Grindelia squarrosa","Curlycup Gumweed","Amphorophora grindeliae"
"Grindelia squarrosa","Curlycup Gumweed","Atarsos grindeliae"
"Grindelia squarrosa","Curlycup Gumweed","Macrosiphum erigeronensis"
"Grindelia squarrosa","Curlycup Gumweed","Prociphilus erigeronensis"
"Gutierrezia sarothrae","Broom Snakeweed","Aphis crypta"
"Gutierrezia sarothrae","Broom Snakeweed","Aphis gutierreziae"
"Gutierrezia sarothrae","Broom Snakeweed","Capitophorus utensis"
"Gutierrezia","Broom Snakeweed","Capitophorus acanthovillus"
"Gutierrezia","Broom Snakeweed","Capitophorus pycnorhysus"
"Gutierrezia","Broom Snakeweed","Macrosiphum"
"Hedera helix","English Ivy","Aphis pseudohederae"
"Hymenoxys hoopesii","Orange Sneeze weed","Macrosiphum martini"
"Helianthus annuus","Common Sunflower","Aphis debilicornis"
"Helianthus annuus","Common Sunflower","Aphis helianthi"
"Helianthus annuus","Common Sunflower","Macrosiphum ambrosiae"
"Helianthus annuus","Common Sunflower","Macrosiphum solanifolii"
"Helianthus annuus","Common Sunflower","Prociphilus erigeronensis"
"Helianthus petiolaris","Prairie Sunflower","Aphis helianthi"
"Helianthus","Sunflower","Amphorophora masoni"
"Helianthus","Sunflower","Aphis maidiradicis"
"Helianthus","Sunflower","Macrosiphum ambrosiae"
"Helianthus","Sunflower","Prociphilus erigeronensis"
"Helianthus tuberosus","Jerusalemartichoke Sunflower","Aphis debilicornis"
"Helichrysum","Straw flower","Aphis fabae"
"Helichrysum","Straw flower","Aphis spiraecola"
"Helichrysum","Straw flower","Macrosiphum solanifolii"
"Helichrysum","Straw flower","Myzus solani"
"Funkia alba","Day lily","Aphis sambuci"
"Heracleum lanatum","Common Cowparanip","Aphis heraclella"
"Heracleum lanatum","Common Cowparanip","Cavariella aegopodii"
"Heracleum lanatum","Common Cowparanip","Cavariella essigi"
"Heracleum lanatum","Common Cowparanip","Rhopalosiphum conii"
"Hibiscus","Rosemallow","Aphis gossypii"
"Hippophae rhamnoides","Sea Buckthorn","Capitophorus hippophaes"
"Hippophae rhamnoides","Sea Buckthorn","Capitophorus shepherdiae"
"Hippophae rhamnoides","Sea Buckthorn","Capitophorus xanthii"
"Hordeum","Barley","Anoecia graminis"
"Hordeum","Barley","Forda olivacea"
"Hordeum","Barley","Macrosiphum granarium"
"Hordeum","Barley","Rhopalosiphum maidis"
"Hordeum","Barley","Rhopalosiphum rhois"
"Hordeum","Barley","Toxoptera muhlenbergiae"
"Hordeum vulgare","Barley","Forda olivacea"
"Hordeum vulgare","Barley","Rhopalosiphum maidis"
"Hordeum vulgare","Barley","Rhopalosiphum rhois"
"Hordeum vulgare","Barley","Toxoptera graminum"
"Humulus lupulus","Common Hop","Macrosiphum solanifolii"
"Humulus lupulus","Common Hop","Phorodon humuli"
"Iris","Iria","Aphis tulipae"
"Iva","Sumpweed","Aphis helianthi"
"Iva","Sumpweed","Aphis medicaginis"
"Iva","Sumpweed","Macrosiphum solanifolii"
"Iva","Sumpweed","Pemphigus balsamiferae"
"Cyclachaena xanthiifolia","Rag Sumpweed","Aphis helianthi"
"Cyclachaena xanthiifolia","Rag Sumpweed","Macrosiphum ambrosiae"
"Juglans regia","Persian Walnut","Chromaphis juglandicola"
"Juglans regia","Persian Walnut","Monellia caryae"
"Juglans","Walnut","Monellia caryae"
"Juglans","Walnut","Panaphis juglandis"
"Juncus","Rush","Geoica utricularia"
"Juniperus sibirica","Dwarf Juniper","Cinara juniperensis"
"Juniperus sibirica","Dwarf Juniper","Cinara sibiricae"
"Juniperus scopulorum","Rocky Mountain Juniper","Amphorophora morrisoni"
"Juniperus scopulorum","Rocky Mountain Juniper","Cinara burrilli"
"Juniperus scopulorum","Rocky Mountain Juniper","Cinara pulverulens"
"Juniperus scopulorum","Rocky Mountain Juniper","Cinara sabinae"
"Juniperus scopulorum","Rocky Mountain Juniper","Siphonatrophia gravida"
"Juniperus osteosperma","Utah Juniper","Cinara pulverulens"
"Kochia scoparia","Belvedere Summercypress","Aphis medicaginis"
"Brickellia eupatorioides","False boneset","Macrosiphum atripes"
"Lactuca sativa","Garden Lettuce","Aphis fabae"
"Lactuca sativa","Garden Lettuce","Macrosiphum barri"
"Lactuca","Lettuce","Amphorophora sonchi"
"Lactuca","Lettuce","Aphis fabae"
"Lactuca","Lettuce","Aphis medicaginis"
"Lactuca","Lettuce","Macrosiphum erigeronensis"
"Lactuca","Lettuce","Macrosiphum escalantii"
"Lactuca","Lettuce","Macrosiphum solanifolii"
"Lactuca","Lettuce","Macrosiphum sonchellum"
"Lactuca","Lettuce","Myzus persicae"
"Lactuca","Lettuce","Myzus solani"
"Lactuca","Lettuce","Pemphigus bursarius"
"Mulgedium spicatum","Blue Lettuce",NA
"Lappula","Sticlueed","Aphis helichrysi"
"Lapsana communis","Nipplewort","Pemphigus bursarius"
"Lathyrus odoratus","Sweet pea","Macrosiphum pisi"
"Leersia oryzoides","Rice Cutgrass","Colopha ulmicola"
"Leersia oryzoides","Rice Cutgrass","Rhopalosiphum nymphaeae"
"Leonurus cardiaca","Motherwort","Capitophorus ribis"
"Leonurus cardiaca","Motherwort","Myzus solani"
"Lepidium","Pepperweed","Aphis medicaginis"
"Lepidium","Pepperweed","Myzus persicae"
"Leucocrinum montanum","Common Star lib ","Myzus leucocrini"
"Liatris punctata","Dotted Gay feather","Aphis laciniariae"
"Liatris punctata","Dotted Gay feather","Capitophorus wasatchii"
"Ligusticum porteri","Porter Ligusticum","Cavariella aegopodii"
"Ligusticum","Ligusticum","Macrosiphum martini"
"Lilium","Lily","Myzus circumflexus"
"Lilium","Lily","Myzus solani"
"Lilium","Lily","Myzus persicae"
"Lilium candidum","Madonna Lily","Myzus circumflexus"
"Lilium candidum","Madonna Lily","Myzus persicae"
"Linum","Flax","Macrosiphum granarium"
"Lonicera involucrata","Bearberry Honeysuckle","Amphorophora crystleae"
"Lonicera involucrata","Bearberry Honeysuckle","Prociphilus xylostei"
"Lonicera involucrata","Bearberry Honeysuckle","Rhopalosiphum grabhami"
"Lonicera","Honeysuckle","Amphicercidus flocculosus"
"Lonicera","Honeysuckle","Rhopalosiphum conii"
"Lonicera utahensis","Utah Honeysuckle","Rhopalosiphum grabhami"
"Lupinus argenteus var. argenteus","Silvery Lupine","Aphis lupini"
"Lupinus","Lupine","Macrosiphum albifrons"
"Lupinus","Lupine","Macrosiphum zionensis"
"Lupinus","Lupine","Myzus persicae"
"Lycopersicon esculentum","Common Tomato","Myzus persicae"
"Lycopersicon esculentum","Common Tomato","Myzus solani"
"Malus","Apple","Aphis bakeri"
"Malus","Apple","Aphis helichrysi"
"Malus","Apple","Aphis medicaginis"
"Malus","Apple","Aphis pomi"
"Malus","Apple","Aphis rosea"
"Malus","Apple","Eriosoma lanigerum"
"Malus","Apple","Rhopalosiphum fitchii"
"Malva neglecta","Malva or Mallow","Aphis helichrysi"
"Malva neglecta","Malva or Mallow","Aphis medicaginis"
"Malva neglecta","Malva or Mallow","Macrosiphum solanifolii"
"Malva neglecta","Malva or Mallow","Myzus persicae"
"Matthiola","Stock","Rhopalosiphum pseudobrassicae"
"Medicago sativa","Alfalfa","Aphis bakeri"
"Medicago sativa","Alfalfa","Aphis medicaginis"
"Medicago sativa","Alfalfa","Macrosiphum creelii"
"Medicago sativa","Alfalfa","Macrosiphum pisi"
"Melica bulbosa","Oniongrass","Forda formicaria"
"Melilotus albus","White Sweetclover","Aphis medicaginis"
"Melilotus officinalis","Yellow Sweetclover","Aphis medicaginis"
"Melilotus","Sweetclover","Aphis bakeri"
"Melilotus","Sweetclover","Aphis medicaginis"
"Melilotus","Sweetclover","Macrosiphum pisi"
"Mentha canadensis","Canada Hint","Aphis menthae-radicis"
"Mentha","Mint","Aphis menthae-radicis"
"Mentha","Mint","Phorodon menthae"
"Mentzelia","Mentzelia","Capitophorus wasatchii"
"Mentzelia","Mentzelia","Macrosiphum mentzeliae"
"Mertensia","Bluebell","Aphis helichrysi"
"Mertensia","Bluebell","Macrosiphum mertensiae"
"Mertensia","Bluebell","Macrosiphum niwanistum"
"Mimulus floribundus","Monkey flower","Rhopalosiphum nymphaeae"
"Mirabilis linearis","Narrowleaved Four-o'clock","Aphis helianthi"
"Mirabilis nyctaginea","Heartleaved Four-o'clock","Aphis helianthi"
"Mirabilis","Four-o'clock","Aphis medicaginis"
"Monarda fistulosa","Wildbergamot Beebalm","Myzus monardae"
"Monarda","Beebalm","Aphis monardae"
"Monarda","Beebalm","Myzus monardae"
"Nepeta cataria","Catnip","Aphis frangulae"
"Nicotiana tabacum","Common Tobacco","Myzus persicae"
"Nuphar polysepala","Rocky Mountain Cowlily","Rhopalosiphum nymphaeae"
"Oenothera caespitosa","Tufted Eveningprimrose","Aphis oenotherae"
"Oenothera villosa subsp. villosa","Common Evening Primrose","Anoecia oenotherae"
"Oenothera villosa subsp. villosa","Common Evening Primrose","Aphis oenotherae"
"Oenothera villosa subsp. villosa","Common Evening Primrose","Aphis oestlundi"
"Oenothera villosa subsp. villosa","Common Evening Primrose","Macrosiphum gaurae"
"Onosma","Western Marbleseed","Aphis helichrysi"
"Orthocarpus luteus","Yellow Owlclover","Kakimia alpina"
"Oxalis","Wood Sorrel Oxalis","Myzus circumflexus"
"Spiesia albiflora","Rocky Mountain Crazyweed","Aphis fabae"
"Spiesia albiflora","Rocky Mountain Crazyweed","Aphis medicaginis"
"Panicum capillare","Witch-grass","Rhopalosiphum maidis"
"Papaver","Poppy","Macrosiphum solanifolii"
"Papaver","Poppy","Myzus persieae"
"Pastinaca sativa","Garden Parsnip","Aphis armoraciae"
"Pastinaca sativa","Garden Parsnip","Aphis fabae"
"Pastinaca sativa","Garden Parsnip","Aphis heraclella"
"Pastinaca sativa","Garden Parsnip","Cavariella aegopodii"
"Pastinaca sativa","Garden Parsnip","Rhopalosiphum conii"
"Pedicularis bracteosa","Bracted Pedicularis","Kakimia alpina"
"Pedicularis canadensis","Early Pedicularis","Myzus wakibae"
"Pelargonium","Pelargonium","Macrosiphum pelargonii"
"Penstemon","Penstemon","Aphis pentstemonicola"
"Penstemon","Penstemon","Macrosiphum solanifolii"
"Penstemon","Penstemon","Macrosiphum kiowanepum"
"Phacelia","Phacelia","Aphis helichrysi"
"Phacelia","Phacelia","Aphis phaceliae"
"Phalaris arundinacea","Canary graas","Sipha glyceriae"
"Phaseolus lunatus","Sieva Bean","Aphis medicaginis"
"Phaseolus","Bean","Aphis gossypii"
"Phaseolus","Bean","Aphis medicaginis"
"Phaseolus","Bean","Trifidaphis phaseoli"
"Phaseolus vulgaris","Kidney Bean","Aphis fabae"
"Phaseolus vulgaris","Kidney Bean","Aphis medicaginis"
"Phleum alpinum","Alpine Timothy","Forda formicaria"
"Phleum pratense","Timothy","Rhopalosiphum rhois"
"Phleum","Timothy","Forda formicaria"
"Phragmites australis","Common Reed","Hyalopterus arundinis"
"Physocarpus monogynus","Mountain Ninebark","Aphis neilliae"
"Picea engelmannii","Englemann Spruce","Cinara coloradensis"
"Picea engelmannii","Englemann Spruce","Cinara engelmanniensis"
"Picea engelmannii","Englemann Spruce","Cinara hottesi"
"Picea engelmannii","Englemann Spruce","Cinara palmerae"
"Picea engelmannii","Englemann Spruce","Cinara vandykei"
"Picea abies","Norway spruce","Cinara piceicola"
"Picea pungens","Colorado Spruce","Cinara braggii"
"Picea pungens","Colorado Spruce","Cinara coloradensis"
"Picea pungens","Colorado Spruce","Cinara fornacula"
"Picea pungens","Colorado Spruce","Cinara palmerae"
"Picea pungens","Colorado Spruce","Mindarus abietinus"
"Pinus contorta var. murrayana","Lodgepole Pine","Cinara brevispinosa"
"Pinus contorta var. murrayana","Lodgepole Pine","Cinara medispinosa"
"Pinus contorta var. murrayana","Lodgepole Pine","Cinara murrayanae"
"Pinus contorta var. murrayana","Lodgepole Pine","Cinara oregonensis"
"Pinus contorta var. murrayana","Lodgepole Pine","Essigella californica"
"Pinus contorta var. murrayana","Lodgepole Pine","Essigella pini"
"Pinus contorta var. murrayana","Lodgepole Pine","Schizolachnus pini-radiatae"
"Pinus edulis","Mexican Plnyon Pine","Cinara atra"
"Pinus edulis","Mexican Plnyon Pine","Cinara edulis"
"Pinus edulis","Mexican Plnyon Pine","Cinara terminalis"
"Pinus edulis","Mexican Plnyon Pine","Essigella hoerneri"
"Pinus flexilis","Limber Pine","Cinara apini"
"Pinus flexilis","Limber Pine","Cinara villosa"
"Pinus flexilis","Limber Pine","Cinara flexilis"
"Pinus flexilis","Limber Pine","Essigella hoerneri"
"Pinus monophylla","Singleleaf Pinyon Pine","Cinara tanneri"
"Pinus mugo","Swiss Mountain Pine","Schizolachnus"
"Pinus nigra","Austrian Pine","Cinara pini"
"Pinus palustris","Long leaf Pine","Eulachnus rileyi"
"Pinus pinaster","Cluster Pine","Schizolachnus pineti"
"Pinus ponderosa","Ponderosa Pine","Cinara thatcheri"
"Pinus ponderosa var. scopulorum","Rocky Mountain Ponderosa Pine","Cinara arizonica"
"Pinus ponderosa var. scopulorum","Rocky Mountain Ponderosa Pine","Cinara glabra"
"Pinus ponderosa var. scopulorum","Rocky Mountain Ponderosa Pine","Cinara oregonensis"
"Pinus ponderosa var. scopulorum","Rocky Mountain Ponderosa Pine","Cinara ponderosae"
"Pinus ponderosa var. scopulorum","Rocky Mountain Ponderosa Pine","Cinara pseudoschwarzii"
"Pinus ponderosa var. scopulorum","Rocky Mountain Ponderosa Pine","Cinara schwarzii"
"Pinus ponderosa var. scopulorum","Rocky Mountain Ponderosa Pine","Cinara solitaria"
"Pinus ponderosa var. scopulorum","Rocky Mountain Ponderosa Pine","Essigella californica"
"Pinus ponderosa var. scopulorum","Rocky Mountain Ponderosa Pine","Essigella hoerneri"
"Pinus ponderosa var. scopulorum","Rocky Mountain Ponderosa Pine","Essigella pini"
"Pinus ponderosa var. scopulorum","Rocky Mountain Ponderosa Pine","Eulachnus rileyi"
"Pinus ponderosa var. scopulorum","Rocky Mountain Ponderosa Pine","Schizolachnus pini-radiatae"
"Pinus sylvestris","Scotch Pine","Eulachnus agilis"
"Pinus sylvestris","Scotch Pine","Schizolachnus pineti"
"Pinus sylvestris","Scotch Pine","Cinara pinea"
"Pinus sylvestris","Scotch Pine","Cinara pini"
"Pistacia terebinthus","Terebinth Pistache","Forda formicaria"
"Pisum sativum","Garden Pea","Macrosiphum solanifolii"
"Pisum sativum","Garden Pea","Macrosiphum pisi"
"Poa annua","Annual Blucgrass","Sipha glyceriae"
"Poa pratensis","Kentucky Blucgrass","Forda formicaria"
"Poa pratensis","Kentucky Blucgrass","Forda olivacea"
"Poa","Bluegraas","Forda formicaria"
"Poa","Bluegraas","Forda olivacea"
"Poa","Bluegraas","Macrosiphum granarium"
"Poa","Bluegraas","Myzus persieae"
"Poa","Bluegraas","Rhopalosiphum poae"
"Polemonium mellitum","Cream Polemonium","Kakimia polemonii"
"Polygonum punctatum","Dotted Smart weed","Rhopalosiphum nymphaeae"
"Polygonum aviculare","Prostate Knotweed","Aspidaphis polygoni"
"Polygonum","Knot weed","Aphis medicaginis"
"Polygonum","Knot weed","Capitophorus hippophaes"
"Polygonum","Knot weed","Macrosiphum solanifolii"
"Polygonum","Knot weed","Rhopalosiphum nymphaeae"
"Populus acuminata","Lanceleaf Cottonwood","Aphis maculatae"
"Populus acuminata","Lanceleaf Cottonwood","Chaitophorus populifoliae"
"Populus acuminata","Lanceleaf Cottonwood","Pemphigus populicaulis"
"Populus acuminata","Lanceleaf Cottonwood","Periphyllus populicola"
"Populus angustifolia","Narrowleaf Cottonwood","Aphis maculatae"
"Populus angustifolia","Narrowleaf Cottonwood","Aphis vorabonnevilla"
"Populus angustifolia","Narrowleaf Cottonwood","Chaitophorus populellus"
"Populus angustifolia","Narrowleaf Cottonwood","Cornaphis populi"
"Populus angustifolia","Narrowleaf Cottonwood","Pemphigus balsamiferae"
"Populus angustifolia","Narrowleaf Cottonwood","Pemphigus monophagus"
"Populus angustifolia","Narrowleaf Cottonwood","Pemphigus populi"
"Populus angustifolia","Narrowleaf Cottonwood","Pemphigus populi-venae"
"Populus angustifolia","Narrowleaf Cottonwood","Periphyllus bruneri"
"Populus angustifolia","Narrowleaf Cottonwood","Periphyllus populicola"
"Populus angustifolia","Narrowleaf Cottonwood","Pterocomma populifoliae"
"Populus angustifolia","Narrowleaf Cottonwood","Thecabius populi-monilis"
"Populus balsamifera","Balm-of-Gilead","Pemphigus populi-globuli"
"Populus balsamifera","Balm-of-Gilead","Pemphigus populi-ramulorum"
"Populus balsamifera","Balm-of-Gilead","Periphyllus populicola"
"Populus balsamifera","Balm-of-Gilead","Pterocomma pseudopopulea"
"Populus balsamifera","Balm-of-Gilead","Thecabius"
"Populus deltoides","Eastern Cottonwood or Poplar","Aphis vorabonnevilla"
"Populus deltoides","Eastern Cottonwood or Poplar","Thecabius populi"
"Populus nigra","Lombardy Poplar","Aphis maculatae"
"Populus nigra","Lombardy Poplar","Pterocomma pseudopopulea"
"Populus deltoides subsp. monilifera","Plains Cottonwood or Poplar","Aphis maculatae"
"Populus deltoides subsp. monilifera","Plains Cottonwood or Poplar","Asiphum pseudobyrsa"
"Populus deltoides subsp. monilifera","Plains Cottonwood or Poplar","Chaitophorus populellus"
"Populus deltoides subsp. monilifera","Plains Cottonwood or Poplar","Mordvilkoja vagabunda"
"Populus deltoides subsp. monilifera","Plains Cottonwood or Poplar","Pemphigus junctisensoriatus"
"Populus deltoides subsp. monilifera","Plains Cottonwood or Poplar","Pemphigus nortonii"
"Populus deltoides subsp. monilifera","Plains Cottonwood or Poplar","Pemphigus populicaulis"
"Populus deltoides subsp. monilifera","Plains Cottonwood or Poplar","Pemphigus populi-ramulorum"
"Populus deltoides subsp. monilifera","Plains Cottonwood or Poplar","Pemphigus populi-transversus"
"Populus deltoides subsp. monilifera","Plains Cottonwood or Poplar","Periphyllus populicola"
"Populus deltoides subsp. monilifera","Plains Cottonwood or Poplar","Pterocomma pseudopopulea"
"Populus deltoides subsp. monilifera","Plains Cottonwood or Poplar","Pterocomma smithiae"
"Populus deltoides subsp. monilifera","Plains Cottonwood or Poplar","Thecabius populiconduplifolius"
"Populus","Poplar","Chaitophorus populi"
"Populus","Poplar","Pemphigus bursarius"
"Populus","Poplar","Pterocomma populifoliae"
"Populus","Poplar","Pterocomma pseudopopulea"
"Populus","Poplar","Pterocomma smithiae"
"Populus balsamifera","Tacamahac Poplar","Pemphigus balsamiferae"
"Populus balsamifera","Tacamahac Poplar","Pemphigus monophagus"
"Populus balsamifera","Tacamahac Poplar","Pemphigus populi-ramulorum"
"Populus balsamifera","Tacamahac Poplar","Periphyllus bruneri"
"Populus balsamifera","Tacamahac Poplar","Thecabius gravicornis"
"Populus balsamifera","Tacamahac Poplar","Thecabius populi-monilis"
"Populus tremula","European Aspen","Asiphum tremulae"
"Potentilla anserina","Silverweed Cinquefoil","Aphis argentinaeradicis"
"Potentilla fruticosa","Bush Cinquefoil","Macrosiphum wasintae"
"Potentilla","Cinquefoil","Capitophorus fragaefolii"
"Potentilla","Cinquefoil","Kakimia potentillae"
"Potentilla","Cinquefoil","Macrosiphum solanifolii"
"Potentilla","Cinquefoil","Macrosiphum martini"
"Primula forbesii","Forbes Primrose","Myzus persicae"
"Primula parryi","Parry Primrose","Amphorophora pawtincae"
"Prunus americana","American Plum","Aphis cardui"
"Prunus americana","American Plum","Aphis helichrysi"
"Prunus americana","American Plum","Aphis setariae"
"Prunus americana","American Plum","Hyalopterus arundinis"
"Prunus americana","American Plum","Stylus"
"Prunus americana","American Plum","Myzus persicae"
"Prunus americana","American Plum","Phorodon humuli"
"Armeniaca vulgaris var. vulgaris","Common Apricot","Aphis zonassa"
"Armeniaca vulgaris var. vulgaris","Common Apricot","Hyalopterus arundinis"
"Armeniaca vulgaris var. vulgaris","Common Apricot","Myzus persicae"
"Prunus besseyi","Bessey Cherry","Myzus persicae"
"Prunus besseyi","Bessey Cherry","Rhopalosiphum scirpifolii"
"Cerasus vulgaris","Sour Cherry","Myzus cerasi"
"Cerasus vulgaris","Sour Cherry","Myzus persicae"
"Prunus domestica","Garden Plum","Aphis helichrysi"
"Prunus domestica","Garden Plum","Aphis setariae"
"Prunus domestica","Garden Plum","Hyalopterus arundinis"
"Prunus domestica","Garden Plum","Myzus persicae"
"Cerasus japonica var. japonica","Chinese Bush Cherry","Aphis spiraecola"
"Prunus mahaleb","Mahaleb Cherry","Myzus lythri"
"Prunus persica","Peach","Aphis persicae-niger"
"Prunus persica","Peach","Myzus persicae"
"Prunus","Cherries, Plums, Peaches","Aphis cardui"
"Prunus","Cherries, Plums, Peaches","Phorodon humuli"
"Prunus virginiana","Common Choke Cherry","Aphis cerasifoliae"
"Prunus virginiana","Common Choke Cherry","Asiphonaphis pruni"
"Prunus virginiana","Common Choke Cherry","Myzus persicae"
"Pseudotsuga menziesii","Douglasfir","Cinara osborni"
"Pseudotsuga menziesii","Douglasfir","Cinara pseudotaxifoliae"
"Pseudotsuga menziesii","Douglasfir","Cinara pseudotsugae"
"Pseudotsuga menziesii","Douglasfir","Cinara splendens"
"Pseudotsuga menziesii","Douglasfir","Cinara taxifoliae"
"Purshia tridentata","Bitterbrush or Antelopebrush","Macrosiphum purshiae"
"Pyrus communis","Common Pear","Aphis bakeri"
"Pyrus communis","Common Pear","Aphis medicaginis"
"Pyrus communis","Common Pear","Aphis pomi"
"Pyrus communis","Common Pear","Aphis rosea"
"Camassia scilloides","Wild Hyacinth","Macrosiphum kiowanepum"
"Quercus agrifolia","California Live Oak","Stegophylla quercicola"
"Quercus alba","White Oak","Myzocallis alhambra"
"Quercus alba","White Oak","Myzocallis punctata"
"Quercus alba","White Oak","Neosymydobius albasiphus"
"Quercus gambelii","Gambel Oak","Chaitophorus populi"
"Quercus gambelii","Gambel Oak","Myzocallis alhambra"
"Quercus gambelii","Gambel Oak","Myzocallis maureri"
"Quercus macrocarpa","Bur Oak","Myzocallis alhambra"
"Quercus macrocarpa","Bur Oak","Myzocallis maureri"
"Quercus macrocarpa","Bur Oak","Myzocallis punctata"
"Quercus","Oaks","Anoecia querci"
"Quercus","Oaks","Hoplochaitophorus quercicola"
"Quercus","Oaks","Lachnus montanus"
"Quercus","Oaks","Lachnus roboris"
"Quercus","Oaks","Myzocallis discolor"
"Quercus","Oaks","Myzocallis maureri"
"Quercus","Oaks","Myzocallis punctata"
"Quercus","Oaks","Stegophylla quercifoliae"
"Quercus","Oaks","Thelaxes californica"
"Quercus","Oaks","Thelaxes dryophila"
"Quercus undulata","Wavyleaf Oak","Myzocallis alhambra"
"Quercus undulata","Wavyleaf Oak","Neosymydobius albasiphus"
"Quercus undulata","Wavyleaf Oak","Stegophylla quercifoliae"
"Quercus wislizeni","Interior Live Oak","Stegophylla quercicola"
"Quincula lobata","Plains Chineselantern","Myzus persicae"
"Ranunculus","Buttercup","Rhopalosiphum nymphaeae"
"Ranunculus","Buttercup","Thecabius populiconduplifolius"
"Raphanus sativus","Garden Radish","Brevicoryne brassicae"
"Raphanus sativus","Garden Radish","Myzus persicae"
"Raphanus sativus","Garden Radish","Rhopalosiphum pseudobrassicae"
"Rhamnus cathartica","Common Buckthorn","Aphis abbreviata"
"Rheum officinale","Rhubarb","Aphis fabae"
"Rhus glabra","Smooth Sumach","Rhopalosiphum rhois"
"Rhus trilobata","Skunkhush Sumac","Rhopalosiphum rhois"
"Ribes aureum","Golden Currant","Amphorophora nigricornis"
"Ribes aureum","Golden Currant","Amphorophora osborni"
"Ribes aureum","Golden Currant","Amphorophora ribiella"
"Ribes aureum","Golden Currant","Amphorophora sonchi"
"Ribes aureum","Golden Currant","Aphis neomexicana"
"Ribes aureum","Golden Currant","Aphis ribiensis"
"Ribes aureum","Golden Currant","Aphis varians"
"Ribes aureum","Golden Currant","Capitophorus ribis"
"Ribes aureum","Golden Currant","Kakimia cynosbati"
"Ribes aureum","Golden Currant","Kakimia ribe-utahensis"
"Ribes cereum","Squaw Currant","Kakimia cerei"
"Ribes cereum","Squaw Currant","Aphis neomexicana"
"Ribes reclinatum","European Gooseberry","Kakimia cynosbati"
"Ribes reclinatum","European Gooseberry","Kakimia houghtonensis"
"Ribes inerme","Whitestem Gooseberry","Kakimia cynosbati"
"Ribes nigrum","European Black Currant","Amphorophora fronki"
"Ribes nigrum","European Black Currant","Amphorophora sonchi"
"Ribes rubrum","Common Red Currant","Aphis varians"
"Ribes rubrum","Common Red Currant","Capitophorus ribis"
"Ribes sanguineum","Redflowering Currant","Kakimia cynosbati"
"Ribes","Currant and Gooseberry","Aphis ribi-gillettei"
"Ribes","Currant and Gooseberry","Aphis varians"
"Ribes","Currant and Gooseberry","Kakimia thomasi"
"Robinia neomexicana","New Mexico Locust","Aphis medicaginis"
"Robinia neomexicana","New Mexico Locust","Myzocallis robiniae"
"Robinia pseudoacacia","Black Locust","Myzocallis robiniae"
"Rorippa palustris subsp. hispida","Hispid Yellowcress","Aphis nasturtii"
"Rorippa palustris subsp. hispida","Hispid Yellowcress","Aphis roripae"
"Rorippa nasturtium-aquaticum","Watercress","Myzus langei"
"Rorippa nasturtium-aquaticum","Watercress","Myzus persicae"
"Rorippa nasturtium-aquaticum","Watercress","Rhopalosiphum pseudobrassicae"
"Rorippa teres","Obtuse Fielder ess","Aphis nasturtii"
"Rorippa sinuata","Spreading Yellowcress","Aphis nasturtii"
"Rosa fendleri","Woods Rose","Lachnus rosae"
"Rosa","Rose","Amphorophora nervata"
"Rosa","Rose","Capitophorus fragaefolii"
"Rosa","Rose","Lachnus rosae"
"Rosa","Rose","Macrosiphum dirhodum"
"Rosa","Rose","Macrosiphum solanifolii"
"Rosa","Rose","Macrosiphum nigromaculosum"
"Rosa","Rose","Macrosiphum rosae"
"Rosa","Rose","Myzus porosus"
"Rubus deliciosus","Boulder Raspberry","Rhopalosiphum bossekiae"
"Rubus laciniatus","Cutleaf Blackberry","Myzus solani"
"Rubus occidentalis","Blackcap Raspberry","Amphorophora rubi"
"Rubus occidentalis","Blackcap Raspberry","Aphis rubicola"
"Rubus parviflorus","Western Thimbleberry","Amphorophora utahensis"
"Rubus","Bramble","Macrosiphum solanifolii"
"Rubus","Bramble","Amphorophora agathonica"
"Rubus","Bramble","Amphorophora tigwatensa"
"Rubus","Bramble","Aphis ribicola"
"Rubus strigosus","Red Raspberry","Amphorophora bonnevilla"
"Rubus strigosus","Red Raspberry","Amphorophora rubi"
"Rubus strigosus","Red Raspberry","Amphorophora rubicola"
"Rubus strigosus","Red Raspberry","Aphis rubicola"
"Rubus strigosus","Red Raspberry","Aphis rubifolii"
"Rubus strigosus","Red Raspberry","Myzus solani"
"Rudbeckia hirta","Blackeyed Susan","Macrosiphum martini"
"Rudbeckia laciniata","Cut leaf Cone flower","Macrosiphum rudbeckiae"
"Rudbeckia","Coneflower","Macrosiphum ambrosiae"
"Rudbeckia","Coneflower","Macrosiphum rudbeckiae"
"Rudbeckia","Coneflower","Macrosiphum valerianae"
"Rumex acetosella","Sheep Sorrel","Aphis armoraciae"
"Rumex crispus","Curly Dock","Aphis rumicis"
"Rumex obtusifolius","Bitter Dock","Aphis sambuci"
"Rumex","Dock","Aphis armoraciae"
"Rumex","Dock","Aphis fabae"
"Rumex","Dock","Aphis gossypii"
"Rumex","Dock","Aphis medicaginis"
"Rumex","Dock","Aphis rumicis"
"Rumex","Dock","Aphis sambuci"
"Rumex","Dock","Macrosiphum solanifolii"
"Rumex","Dock","Myzus circumflexus"
"Rumex","Dock","Myzus persicae"
"Sagittaria","Arrowhead","Rhopalosiphum nymphaeae"
"Salix alba","White Willow","Lachnus salignus"
"Salix amygdaloides","Peachleaf Willow","Macrosiphum laevigatae"
"Salix ×pendulina","Thurlow Weening Willow","Lachnus salignus"
"Salix laevigata","Red Willow or Polished Willow","Fullawaya saliciradicis"
"Salix lutea","Yellow Willow","Aphis sorensoni"
"Salix","WIUow","Aphis saliceti"
"Salix","WIUow","Aphis vorabonnevilla"
"Salix","WIUow","Brevicoryne fraterna"
"Salix","WIUow","Cavariella aegopodii"
"Salix","WIUow","Cavariella essigi"
"Salix","WIUow","Cavariella theobaldi"
"Salix","WIUow","Chaitophorus populi"
"Salix","WIUow","Chaitophorus viminalis"
"Salix","WIUow","Fullawaya saliciradicis"
"Salix","WIUow","Lachnus salignus"
"Salix","WIUow","Macrosiphum californicum"
"Salix","WIUow","Periphyllus macrostachyae"
"Salix","WIUow","Periphyllus salicicorticis"
"Salix","WIUow","Periphyllus saliciniger"
"Salix","WIUow","Periphyllus utahensis"
"Salix","WIUow","Pterocomma bicolor"
"Salix","WIUow","Pterocomma braggii"
"Salix","WIUow","Pterocomma flocculosa"
"Salix","WIUow","Pterocomma pilosa"
"Salix","WIUow","Pterocomma salicis"
"Salix","WIUow","Pterocomma smithiae"
"Salsola","Russianthistle","Aphis medicaginis"
"Salsola","Russianthistle","Asiphonaphis utahensis"
"Salsola","Russianthistle","Myzus persicae"
"Sambucus canadensis","American Elder","Macrosiphum macrosiphum"
"Sambucus nigra","European Elder","Aphis sambuci"
"Sambucus pubens","Scarlet Elder","Amphorophora stanleyi"
"Sambucus pubens","Scarlet Elder","Aphis fabae"
"Sambucus pubens","Scarlet Elder","Aphis sambucifoliae"
"Sambucus","Elder","Aphis fabae"
"Sarcobatus vermiculatus","Black Grease-wood","Aphis bonnevillensis"
"Sarcobatus vermiculatus","Black Grease-wood","Aphis unaweepiensis"
"Bolboschoenus maritimus subsp. paludosus","Alkali Bulrush","Rhopalosiphum scirpifolii"
"Scirpus","Bulrush","Rhopalosiphum nymphaeae"
"Scirpus","Bulrush","Rhopalosiphum scirpifolii"
"Scirpus","Bulrush","Rhopalosiphum splendens"
"Scirpus","Bulrush","Saltusaphis elongata"
"Scirpus","Bulrush","Saltusaphis scirpa"
"Scirpus","Bulrush","Saltusaphis virginica"
"Secale cereale","Rye","Macrosiphum granarium"
"Senecio atratus","Black Groundsel","Aphis lugentis"
"Senecio","Groundsel","Aphis armoraciae"
"Senecio","Groundsel","Aphis helichrysi"
"Senecio","Groundsel","Aphis lugentis"
"Senecio","Groundsel","Aphis nyctalis"
"Senecio","Groundsel","Aphis senecioradicis"
"Senecio","Groundsel","Macrosiphum solanifolii"
"Senecio spartioides","Broom Groundsel","Aphis lugentis"
"Senecio triangularis","Arrowleaf Groundsel","Aphis lugentis"
"Setaria","Bristlegraas or Millet","Anoecia setariae"
"Setaria","Bristlegraas or Millet","Rhopalosiphum maidis"
"Setaria","Bristlegraas or Millet","Forda olivacea"
"Setaria viridis","Green Bristlegraas","Rhopalosiphum maidis"
"Shepherdia argentea","Silver-berry","Capitophorus braggii"
"Shepherdia argentea","Silver-berry","Capitophorus hippophaes"
"Shepherdia argentea","Silver-berry","Capitophorus shepherdiae"
"Maianthemum","Solomonplume","Macrosiphum niwanistum"
"Maianthemum","Solomonplume","Macrosiphum yagasogae"
"Solanum melongena","Garden Eggplant","Aphis gossypii"
"Solanum melongena","Garden Eggplant","Myzus persicae"
"Solanum tuberosum","Potato","Macrosiphum solanifolii"
"Solanum tuberosum","Potato","Myzus circumflexus"
"Solanum tuberosum","Potato","Myzus persicae"
"Solanum tuberosum","Potato","Myzus solani"
"Solidago canadensis","Canada Goldenrod","Amphorophora goldamaryae"
"Solidago missouriensis","Missouri Goldenrod","Macrosiphum atripes"
"Solidago","Goldenrod","Aphis medicaginis"
"Solidago","Goldenrod","Aphis solidaginifoliae"
"Solidago","Goldenrod","Macrosiphum ambrosiae"
"Solidago","Goldenrod","Macrosiphum atripes"
"Solidago","Goldenrod","Pemphigus balsamiferae"
"Solidago","Goldenrod","Rhopalosiphum serotinae"
"Sonchus oleraceus","Common Sow thistle","Amphorophora sonchi"
"Sonchus","Sow thistle","Amphorophora sonchi"
"Sonchus","Sow thistle","Macrosiphum solanifolii"
"Sonchus","Sow thistle","Pemphigus bursarius"
"Sorbus","Mountainash","Aphis pomi"
"Sorbus","Mountainash","Prociphilus corrugatans"
"Sorghum bicolor","Sorghum","Rhopalosiphum maidis"
"Sphaeralcea","Scarlet Globe Mallow","Myzus persicae"
"Spiraea","Spirea","Aphis spiraephila"
"Spiraea","Vanhoutte Spirea","Aphis spiraecola"
"Stachys palustris","Marsh Betony","Capitophorus ribis"
"Stellaria media","Common Chickweed","Myzus persicae"
"Stellaria","Chickweed","Brachycolus stellariae"
"Stephanomeria pauciflora","Ptiloria, Wire Lettuce","Macrosiphum bonitum"
"Stipa","Needle grass","Rhopalosiphum rhois"
"Symphoricarpos occidentalis","Western Snowberry","Aphis incognita"
"Symphoricarpos occidentalis","Western Snowberry","Brevicoryne symphoricarpi"
"Symphoricarpos rotundifolius","Roundleaf Snowberry","Brevicoryne symphoricarpi"
"Symphoricarpos","Snow berry","Amphicercidus flocculosus"
"Symphoricarpos","Snow berry","Amphicercidus pulverulens"
"Symphoricarpos","Snow berry","Aphis incognita"
"Symphoricarpos","Snow berry","Brevicoryne symphoricarpi"
"Symphoricarpos","Snow berry","Rhopalosiphum conii"
"Tanacetum vulgare","Common Tansy","Aphis helichrysi"
"Tanacetum vulgare","Common Tansy","Macrosiphum ludovicianae"
"Tanacetum vulgare","Common Tansy","Myzus persicae"
"Taraxacum officinale","Common Dandelion","Aphis armoraciae"
"Taraxacum officinale","Common Dandelion","Aphis knowltoni"
"Taraxacum officinale","Common Dandelion","Aphis medicaginis"
"Taraxacum officinale","Common Dandelion","Aphis menthae-radicis"
"Taraxacum officinale","Common Dandelion","Macrosiphum taraxaci"
"Taraxacum officinale","Common Dandelion","Prociphilus erigeronensis"
"Taraxacum officinale","Common Dandelion","Trama rara"
"Tetradymia canescens","Gray Horsebrush","Aphis tetradymia"
"Thalictrum","Meadowrue","Kakimia purpurascens"
"Thermopsis rhombifolia","Buffalo Pea","Macrosiphum thermopsaphis"
"Thuja","Arborvltae","Cinara idahoensis"
"Thuja","Arborvltae","Cinara winonkae"
"Tilia","Linden","Myzocallis tiliae"
"Tragopogon pratensis","Meadow Salsify","Aphis armoraciae"
"Tribulus terrestris","Puncturevine","Aphis medicaginis"
"Trifolium hybridum","Alsike Clover","Aphis helichrysi"
"Trifolium pratense","Red Clover","Aphis bakeri"
"Trifolium pratense","Red Clover","Aphis helichrysi"
"Trifolium pratense","Red Clover","Aphis medicaginis"
"Trifolium pratense","Red Clover","Myzus persicae"
"Trifolium repens","White Clover","Aphis helichrysi"
"Trifolium repens","White Clover","Myzus persicae"
"Trifolium","Clover","Macrosiphum pisi"
"Triticum aestivum","Wheat","Aphis medicaginis"
"Triticum aestivum","Wheat","Aphis setariae"
"Triticum aestivum","Wheat","Brachycolus tritici"
"Triticum aestivum","Wheat","Forda olivacea"
"Triticum aestivum","Wheat","Myzus persicae"
"Triticum aestivum","Wheat","Rhopalosiphum fitchii"
"Triticum aestivum","Wheat","Rhopalosiphum splendens"
"Triticum aestivum","Wheat","Rhopalosiphum subterraneum"
"Triticum aestivum","Wheat","Toxoptera graminum"
"Tropaeolum majus","Common Nasturtium","Aphis fabae"
"Tropaeolum majus","Common Nasturtium","Myzus persicae"
"Tulipa","Tulip","Aphis tulipae"
"Tulipa","Tulip","Macrosiphum euphorbiae"
"Tulipa","Tulip","Myzus persicae"
"Typha latifolia","Common Cat-tail","Rhopalosiphum enigmae"
"Typha latifolia","Common Cat-tail","Rhopalosiphum nymphaeae"
"Ulmus americana","American Elm","Eriosoma americanum"
"Ulmus americana","American Elm","Eriosoma langerum"
"Ulmus americana","American Elm","Eriosoma rileyi"
"Ulmus americana","American Elm","Myzocallis ulmifolii"
"Ulmus americana","American Elm","Colopha graminis"
"Ulmus rubra","Slippery Elm","Eriosoma crataegi"
"Ulmus rubra","Slippery Elm","Gobiashia ulmifusus"
"Ulmus procera","English Elm","Colopha ulmisacculi"
"Urtica gracilis","Slim Nettle","Amphorophora urtica"
"Urtica gracilis","Slim Nettle","Aphis fabae"
"Urtica gracilis","Slim Nettle","Aphis helianthi"
"Urtica gracilis","Slim Nettle","Aphis helichrysi"
"Urtica gracilis","Slim Nettle","Macrosiphum sibiricum"
"Valeriana edulis","Edible Valerian","Aphis valerianae"
"Valeriana edulis","Edible Valerian","Macrosiphum valerianae"
"Valeriana","Valerian","Aphis pseudovalerianae"
"Valeriana","Valerian","Aphis valerianae"
"Veratrum californicum","California Falsehellebore","Aphis coweni"
"Verbena bipinnatifida","Dakota Verbena","Aphis gossypii"
"Verbena bipinnatifida","Dakota Verbena","Myzus persicae"
"Veronica","Speedwell","Rhopalosiphum nymphaeae"
"Viburnum opulus","European Cranberry bush","Aphis fabae"
"Viburnum opulus","European Cranberry bush","Aphis spiraecola"
"Viburnum opulus","European Cranberry bush","Aphis viburniphila"
"Viburnum opulus","Snowball or Guelder Rose","Aphis fabae"
"Viburnum opulus","Snowball or Guelder Rose","Aphis spiraecola"
"Viburnum opulus","Snowball or Guelder Rose","Aphis viburnicola"
"Viburnum opulus","Snowball or Guelder Rose","Aphis viburniphila"
"Vicia faba","Broadbean or Horse Bean","Aphis medicaginis"
"Vicia faba","Broadbean or Horse Bean","Myzus persicae"
"Vicia faba","Broadbean or Horse Bean","Trifidaphis phaseoli"
"Vigna unguiculata subsp. unguiculata","Common Cow pea","Aphis medicaginis"
"Vinca","Periwinkle","Aphis helichrysi"
"Vinca","Periwinkle","Myzus circumflexus"
"Vinca","Periwinkle","Myzus persicae"
"Viola","Violet","Myzus circumflexus"
"Viola","Violet","Myzus persicae"
"Wisteria","Wisteria","Aphis gossypii"
"Xanthium strumarium","Cocklebur","Capitophorus xanthii"
"Yucca glauca","Yucca or Small Soapweed","Aphis helianthi"
"Zantedeschia aethiopica","Callalily","Myzus circumflexus"
"Zantedeschia aethiopica","Callalily","Myzus persicae"
"Zea mays","Maize or Corn","Aphis armoraciae"
"Zea mays","Maize or Corn","Aphis fabae"
"Zea mays","Maize or Corn","Aphis maidiradicis"
"Zea mays","Maize or Corn","Mysus persicae"
"Zea mays","Maize or Corn","Rhopalosiphum maidis"
"Zigadenus nuttallii","Grassy Deathcamas","Macrosiphum martini"
"Zigadenus","Deathcamas","Macrosiphum kiowanepum"
